{
  "num_means": {
    "soil_ec": 0.48592841469876275,
    "soil_temper": 13.299455070685713,
    "soil_humidty": 29.87933243326545,
    "temperature": 16.410624064881084,
    "humidity": 84.86207180040064,
    "sunshine": 192.87976494801117,
    "평균기온(°C)": 13.639147551171613,
    "일강수량(mm)": 185.3715090736118,
    "합계 일조시간(hr)": 188.63406662724225
  },
  "stage_mode": "nan",
  "crop_mode": "nan"
}